ORDERNUMBER,QUANTITYORDERED,PRICEEACH,ORDERLINENUMBER,SALES,ORDERDATE,STATUS,QTR_ID,MONTH_ID,YEAR_ID,PRODUCTLINE,MSRP,PRODUCTCODE,CUSTOMERNAME,PHONE,ADDRESSLINE1,ADDRESSLINE2,CITY,STATE,POSTALCODE,COUNTRY,TERRITORY,CONTACTLASTNAME,CONTACTFIRSTNAME,DEALSIZE,risk_score,risk_label,rank_risco
10108,27,43.45,13,1173.15,03/03/2003,Shipped,1,3,2003,Motorcycles,40,S32_2206,Cruz & Sons Co.,+63 2 555 3587,15 McCallum Street - NatWest Center #13-03,,Makati City,,1227 MM,Philippines,Japan,Cruz,Arnold,Small,1.0,Alto,1
10108,35,58.87,15,2060.45,03/03/2003,Shipped,1,3,2003,Motorcycles,69,S24_2360,Cruz & Sons Co.,+63 2 555 3587,15 McCallum Street - NatWest Center #13-03,,Makati City,,1227 MM,Philippines,Japan,Cruz,Arnold,Small,0.9899398381559859,Alto,2
10169,26,39.83,9,1035.58,11/04/2003,Shipped,4,11,2003,Motorcycles,40,S32_2206,"Anna's Decorations, Ltd",02 9936 8555,201 Miller Street,Level 15,North Sydney,NSW,2060,Australia,APAC,O'Hara,Anna,Small,0.9887238535082571,Alto,3
10169,36,63.84,3,2298.24,11/04/2003,Shipped,4,11,2003,Classic Cars,79,S12_3990,"Anna's Decorations, Ltd",02 9936 8555,201 Miller Street,Level 15,North Sydney,NSW,2060,Australia,APAC,O'Hara,Anna,Small,0.985297272996916,Alto,4
10108,31,100.0,16,3669.78,03/03/2003,Shipped,1,3,2003,Motorcycles,102,S32_4485,Cruz & Sons Co.,+63 2 555 3587,15 McCallum Street - NatWest Center #13-03,,Makati City,,1227 MM,Philippines,Japan,Cruz,Arnold,Medium,0.9784888102217614,Alto,5
10108,34,82.99,14,2821.66,03/03/2003,Shipped,1,3,2003,Motorcycles,81,S50_4713,Cruz & Sons Co.,+63 2 555 3587,15 McCallum Street - NatWest Center #13-03,,Makati City,,1227 MM,Philippines,Japan,Cruz,Arnold,Small,0.9736832959034033,Alto,6
10169,48,80.55,10,3866.4,11/04/2003,Shipped,4,11,2003,Motorcycles,81,S50_4713,"Anna's Decorations, Ltd",02 9936 8555,201 Miller Street,Level 15,North Sydney,NSW,2060,Australia,APAC,O'Hara,Anna,Medium,0.9597470145731795,Alto,7
10169,35,100.0,13,4639.25,11/04/2003,Shipped,4,11,2003,Motorcycles,150,S12_2823,"Anna's Decorations, Ltd",02 9936 8555,201 Miller Street,Level 15,North Sydney,NSW,2060,Australia,APAC,O'Hara,Anna,Medium,0.9561326557600759,Alto,8
10169,38,74.11,11,2816.18,11/04/2003,Shipped,4,11,2003,Motorcycles,69,S24_2360,"Anna's Decorations, Ltd",02 9936 8555,201 Miller Street,Level 15,North Sydney,NSW,2060,Australia,APAC,O'Hara,Anna,Small,0.9496092774153205,Alto,9
10169,34,50.21,1,1707.14,11/04/2003,Shipped,4,11,2003,Classic Cars,61,S24_3371,"Anna's Decorations, Ltd",02 9936 8555,201 Miller Street,Level 15,North Sydney,NSW,2060,Australia,APAC,O'Hara,Anna,Small,0.9454380075685616,Alto,10
10169,34,100.0,12,3920.88,11/04/2003,Shipped,4,11,2003,Motorcycles,102,S32_4485,"Anna's Decorations, Ltd",02 9936 8555,201 Miller Street,Level 15,North Sydney,NSW,2060,Australia,APAC,O'Hara,Anna,Medium,0.913060281282964,Alto,11
10169,30,100.0,2,5019.9,11/04/2003,Shipped,4,11,2003,Classic Cars,194,S12_1099,"Anna's Decorations, Ltd",02 9936 8555,201 Miller Street,Level 15,North Sydney,NSW,2060,Australia,APAC,O'Hara,Anna,Medium,0.9012317290630086,Alto,12
10108,43,67.77,12,2914.11,03/03/2003,Shipped,1,3,2003,Motorcycles,62,S18_3782,Cruz & Sons Co.,+63 2 555 3587,15 McCallum Street - NatWest Center #13-03,,Makati City,,1227 MM,Philippines,Japan,Cruz,Arnold,Small,0.8885060191326,Alto,13
10148,34,100.0,1,3598.22,09/11/2003,Shipped,3,9,2003,Vintage Cars,92,S18_4409,"Anna's Decorations, Ltd",02 9936 8555,201 Miller Street,Level 15,North Sydney,NSW,2060,Australia,APAC,O'Hara,Anna,Medium,0.8862626169647294,Alto,14
10108,44,100.0,11,5565.12,03/03/2003,Shipped,1,3,2003,Classic Cars,148,S18_4721,Cruz & Sons Co.,+63 2 555 3587,15 McCallum Street - NatWest Center #13-03,,Makati City,,1227 MM,Philippines,Japan,Cruz,Arnold,Medium,0.8837018604880249,Alto,15
10108,39,89.38,7,3485.82,03/03/2003,Shipped,1,3,2003,Classic Cars,79,S12_3990,Cruz & Sons Co.,+63 2 555 3587,15 McCallum Street - NatWest Center #13-03,,Makati City,,1227 MM,Philippines,Japan,Cruz,Arnold,Medium,0.877375725372808,Alto,16
10169,38,68.39,8,2598.82,11/04/2003,Shipped,4,11,2003,Motorcycles,62,S18_3782,"Anna's Decorations, Ltd",02 9936 8555,201 Miller Street,Level 15,North Sydney,NSW,2060,Australia,APAC,O'Hara,Anna,Small,0.8698785788170302,Alto,17
10148,47,56.85,8,2671.95,09/11/2003,Shipped,3,9,2003,Classic Cars,50,S24_1628,"Anna's Decorations, Ltd",02 9936 8555,201 Miller Street,Level 15,North Sydney,NSW,2060,Australia,APAC,O'Hara,Anna,Small,0.8678983531053406,Alto,18
10169,33,100.0,7,4910.4,11/04/2003,Shipped,4,11,2003,Classic Cars,148,S18_4721,"Anna's Decorations, Ltd",02 9936 8555,201 Miller Street,Level 15,North Sydney,NSW,2060,Australia,APAC,O'Hara,Anna,Medium,0.850418835264439,Alto,19
10169,24,94.58,6,2269.92,11/04/2003,Shipped,4,11,2003,Classic Cars,80,S24_4620,"Anna's Decorations, Ltd",02 9936 8555,201 Miller Street,Level 15,North Sydney,NSW,2060,Australia,APAC,O'Hara,Anna,Small,0.838582241858749,Alto,20
10108,30,63.07,5,1892.1,03/03/2003,Shipped,1,3,2003,Classic Cars,61,S24_3371,Cruz & Sons Co.,+63 2 555 3587,15 McCallum Street - NatWest Center #13-03,,Makati City,,1227 MM,Philippines,Japan,Cruz,Arnold,Small,0.8375534735710971,Alto,21
10169,36,100.0,4,4444.92,11/04/2003,Shipped,4,11,2003,Classic Cars,146,S18_3482,"Anna's Decorations, Ltd",02 9936 8555,201 Miller Street,Level 15,North Sydney,NSW,2060,Australia,APAC,O'Hara,Anna,Medium,0.8369257590502707,Alto,22
10169,32,70.76,5,2264.32,11/04/2003,Shipped,4,11,2003,Classic Cars,80,S18_3278,"Anna's Decorations, Ltd",02 9936 8555,201 Miller Street,Level 15,North Sydney,NSW,2060,Australia,APAC,O'Hara,Anna,Small,0.8206161174167068,Alto,23
10108,33,100.0,6,5265.15,03/03/2003,Shipped,1,3,2003,Classic Cars,194,S12_1099,Cruz & Sons Co.,+63 2 555 3587,15 McCallum Street - NatWest Center #13-03,,Makati City,,1227 MM,Philippines,Japan,Cruz,Arnold,Medium,0.8197802047599344,Alto,24
10148,47,100.0,9,5848.68,09/11/2003,Shipped,3,9,2003,Classic Cars,124,S18_1589,"Anna's Decorations, Ltd",02 9936 8555,201 Miller Street,Level 15,North Sydney,NSW,2060,Australia,APAC,O'Hara,Anna,Medium,0.806004406806568,Alto,25
10148,23,100.0,13,2702.04,09/11/2003,Shipped,3,9,2003,Classic Cars,141,S18_1129,"Anna's Decorations, Ltd",02 9936 8555,201 Miller Street,Level 15,North Sydney,NSW,2060,Australia,APAC,O'Hara,Anna,Small,0.8015718285101077,Alto,26
10134,20,100.0,1,2711.2,07/01/2003,Shipped,3,7,2003,Motorcycles,150,S12_2823,Lyon Souveniers,+33 1 46 62 7555,27 rue du Colonel Pierre Avia,,Paris,,75508,France,EMEA,Da Cunha,Daniel,Small,0.7915504172329533,Alto,27
10301,50,100.0,11,7723.5,10/05/2003,Shipped,4,10,2003,Classic Cars,140,S24_3856,"Norway Gifts By Mail, Co.",+47 2212 1555,"Drammensveien 126 A, PB 744 Sentrum",,Oslo,,N 0106,Norway,EMEA,Klaeboe,Jan,Large,0.7881555998576337,Alto,28
10108,40,100.0,1,5448.8,03/03/2003,Shipped,1,3,2003,Classic Cars,140,S24_3856,Cruz & Sons Co.,+63 2 555 3587,15 McCallum Street - NatWest Center #13-03,,Makati City,,1227 MM,Philippines,Japan,Cruz,Arnold,Medium,0.7811884864988341,Alto,29
10148,27,100.0,10,3528.36,09/11/2003,Shipped,3,9,2003,Classic Cars,132,S18_2870,"Anna's Decorations, Ltd",02 9936 8555,201 Miller Street,Level 15,North Sydney,NSW,2060,Australia,APAC,O'Hara,Anna,Medium,0.7799796324043096,Alto,30
10108,26,68.35,9,1777.1,03/03/2003,Shipped,1,3,2003,Classic Cars,80,S18_3278,Cruz & Sons Co.,+63 2 555 3587,15 McCallum Street - NatWest Center #13-03,,Makati City,,1227 MM,Philippines,Japan,Cruz,Arnold,Small,0.7789412776872018,Alto,31
10121,50,100.0,4,8284.0,05/07/2003,Shipped,2,5,2003,Motorcycles,150,S12_2823,Reims Collectables,26.47.1555,59 rue de l'Abbaye,,Reims,,51100,France,EMEA,Henriot,Paul,Large,0.7765510166679308,Alto,32
10147,48,100.0,7,9245.76,09/05/2003,Shipped,3,9,2003,Classic Cars,194,S12_1099,Collectables For Less Inc.,6175558555,7825 Douglas Av.,,Brickhaven,MA,58339,USA,,Nelson,Allen,Large,0.7731562168130149,Alto,33
10108,29,100.0,8,4049.56,03/03/2003,Shipped,1,3,2003,Classic Cars,146,S18_3482,Cruz & Sons Co.,+63 2 555 3587,15 McCallum Street - NatWest Center #13-03,,Makati City,,1227 MM,Philippines,Japan,Cruz,Arnold,Medium,0.7727697303393148,Alto,34
10108,45,100.0,4,6130.35,03/03/2003,Shipped,1,3,2003,Classic Cars,117,S12_3380,Cruz & Sons Co.,+63 2 555 3587,15 McCallum Street - NatWest Center #13-03,,Makati City,,1227 MM,Philippines,Japan,Cruz,Arnold,Medium,0.761289514830144,Alto,35
10108,31,68.71,10,2130.01,03/03/2003,Shipped,1,3,2003,Classic Cars,80,S24_4620,Cruz & Sons Co.,+63 2 555 3587,15 McCallum Street - NatWest Center #13-03,,Makati City,,1227 MM,Philippines,Japan,Cruz,Arnold,Small,0.7610837947708375,Alto,36
10148,28,100.0,11,3639.44,09/11/2003,Shipped,3,9,2003,Classic Cars,141,S18_3685,"Anna's Decorations, Ltd",02 9936 8555,201 Miller Street,Level 15,North Sydney,NSW,2060,Australia,APAC,O'Hara,Anna,Medium,0.7534744201758803,Alto,37
10302,43,100.0,1,7310.0,10/06/2003,Shipped,4,10,2003,Vintage Cars,170,S18_1749,"UK Collectables, Ltd.",(171) 555-2282,Berkeley Gardens 12  Brewery,,Liverpool,,WX1 6LT,UK,EMEA,Devon,Elizabeth,Large,0.7499588760581272,Alto,38
10148,32,100.0,14,5418.88,09/11/2003,Shipped,3,9,2003,Classic Cars,169,S18_3232,"Anna's Decorations, Ltd",02 9936 8555,201 Miller Street,Level 15,North Sydney,NSW,2060,Australia,APAC,O'Hara,Anna,Medium,0.7488707591238277,Alto,39
10147,21,63.84,8,1340.64,09/05/2003,Shipped,3,9,2003,Classic Cars,79,S12_3990,Collectables For Less Inc.,6175558555,7825 Douglas Av.,,Brickhaven,MA,58339,USA,,Nelson,Allen,Small,0.7484115220253815,Alto,40
10109,46,100.0,5,8257.0,03/10/2003,Shipped,1,3,2003,Classic Cars,169,S18_3232,Motor Mint Distributors Inc.,2155559857,11328 Douglas Av.,,Philadelphia,PA,71270,USA,,Hernandez,Rosa,Large,0.7438330743257167,Alto,41
10148,25,100.0,12,4232.0,09/11/2003,Shipped,3,9,2003,Classic Cars,142,S18_1984,"Anna's Decorations, Ltd",02 9936 8555,201 Miller Street,Level 15,North Sydney,NSW,2060,Australia,APAC,O'Hara,Anna,Medium,0.7314275423800666,Alto,42
10201,25,100.0,1,4029.0,12/01/2003,Shipped,4,12,2003,Motorcycles,150,S12_2823,Mini Wheels Co.,6505555787,5557 North Pendale Street,,San Francisco,CA,,USA,,Murphy,Julie,Medium,0.7218843828533192,Alto,43
10148,21,73.6,4,1545.6,09/11/2003,Shipped,3,9,2003,Classic Cars,90,S24_2766,"Anna's Decorations, Ltd",02 9936 8555,201 Miller Street,Level 15,North Sydney,NSW,2060,Australia,APAC,O'Hara,Anna,Small,0.7152089766949025,Alto,44
10148,25,60.26,6,1506.5,09/11/2003,Shipped,3,9,2003,Classic Cars,73,S24_1046,"Anna's Decorations, Ltd",02 9936 8555,201 Miller Street,Level 15,North Sydney,NSW,2060,Australia,APAC,O'Hara,Anna,Small,0.7111250361355596,Alto,45
10134,31,100.0,4,7023.98,07/01/2003,Shipped,3,7,2003,Motorcycles,193,S10_4698,Lyon Souveniers,+33 1 46 62 7555,27 rue du Colonel Pierre Avia,,Paris,,75508,France,EMEA,Da Cunha,Daniel,Large,0.7092266235245958,Alto,46
10148,29,81.25,2,2356.25,09/11/2003,Shipped,3,9,2003,Classic Cars,71,S18_4933,"Anna's Decorations, Ltd",02 9936 8555,201 Miller Street,Level 15,North Sydney,NSW,2060,Australia,APAC,O'Hara,Anna,Small,0.7090195403958784,Alto,47
10121,44,74.85,1,3293.4,05/07/2003,Shipped,2,5,2003,Motorcycles,81,S50_4713,Reims Collectables,26.47.1555,59 rue de l'Abbaye,,Reims,,51100,France,EMEA,Henriot,Paul,Medium,0.7052539261933695,Alto,48
10108,36,100.0,3,3731.04,03/03/2003,Shipped,1,3,2003,Classic Cars,115,S12_4675,Cruz & Sons Co.,+63 2 555 3587,15 McCallum Street - NatWest Center #13-03,,Makati City,,1227 MM,Philippines,Japan,Cruz,Arnold,Medium,0.7019654282339766,Alto,49
10109,29,32.1,6,930.9,03/10/2003,Shipped,1,3,2003,Classic Cars,37,S24_2972,Motor Mint Distributors Inc.,2155559857,11328 Douglas Av.,,Philadelphia,PA,71270,USA,,Hernandez,Rosa,Small,0.7019464626702441,Alto,50
